netuid,uid,hotkey(ss58),coldkey(ss58),block_number,timestamp,trust,stake,validator_trust,incentive,dividends,emission,active,validator_permit,daily_reward,registered_at_block,is_immunity_period,rank
45,30,5GKH9FPPnWSUoeeTJp19wVtd84XqFW4pyK2ijV2GsFbhTrP1,5GcCZ2BPXBjgG88tXJCEtkbdg2hNrPbL4EFfbiVRvBZdSQDC,4333892,2024 11 24 06 42,0,1134289493379236,0.94854657816433966583,0,0.21123064011596856641,495797659,True,True,9915953180,3638816,False,1
45,250,5F4tQyWrhfGVcNhoqeiNsR6KjD4wMZ2kfhLj4oHYuyHbZAc3,5HBtpwxuGNL1gwzwomwR7sjwUt8WXYSuWcLYN6f9KpTZkP4k,4333892,2024 11 24 06 42,0.60695811398489356832,988999722478975,0.77750820172426947433,0.00100709544518196384,0.14686808575570305943,347112787,True,True,6942255740,3907951,False,2
45,217,5CsvRJXuR955WojnGMdok1hbhffZyB4N5ocrv82f3p5A2zVp,5EJAqczgzCMvWcmXhKMZH4vMS5gPy8BjeuHjz5o5yN6RYzX2,4333892,2024 11 24 06 42,0.47882810711833371481,581597094393544,0.98655680170901045243,0.0007019150072480354,0.11709773403524834058,276494524,True,True,5529890480,3676556,False,4
45,60,5HEo565WAy4Dbq3Sv271SAi7syBSofyfhhwRNjFNSM2gP9M2,5E9fVY1jexCNVMjd2rdBsAxeamFGEMfzHcyTn2fHgdHeYc5p,4333892,2024 11 24 06 42,0.69007400625619897765,601349752387446,0.93550011444266422522,0.00080872816052491035,0.10649271381704432746,251904678,True,True,5038093560,3862285,False,3
45,211,5FxcZraZACr4L78jWkcYe3FHdiwiAUzrKLVtsSwkvFobBKqq,5GP8N57T2oja6qR9y3FQDYjrEFxnhmx3ZuiadE64yw6h5For,4333892,2024 11 24 06 42,0.68189517051956969558,505723567435930,0.93545433737697413596,0.00086976424811169604,0.09532310978866254673,225782190,True,True,4515643800,4114791,False,5
45,1,5FFApaS75bv5pJHfAp2FVLBj9ZaXuFDjEypsaBNc1wCfe52v,5GZSAgaVGQqegjhEkxpJjpSVLVmNnE2vx2PFLzr7kBBMKpGQ,4333892,2024 11 24 06 42,0.59157701991302357519,502891378246376,0.75953307392996108949,0.00096131837949187457,0.07394522011139085985,175836289,True,True,3516725780,3633239,False,6
45,81,5HT1drD4JEWTejbqAWV178aK3EUkVBTahdrJfFcwZfhGgYdJ,5F953EH5EVc9BUKYLhktAdzH1waVdgEtwyh5ygTrwCuJkwML,4333892,2024 11 24 06 42,0.54320592050049591821,340977967458431,0.96960402838178072786,0.00082398718242160678,0.06623941405355916686,157410042,True,True,3148200840,3880180,False,8
45,3,5F2CsUDVbRbVMXTh9fAzF9GacjVX7UapvRxidrxe7z8BYckQ,5CMEwRYLefRmtJg7zzRyJtcXrQqmspr9B1r1nKySDReA37Z1,4333892,2024 11 24 06 42,0.59160753795681696803,471799857702492,0.65839627679865720607,0.00096131837949187457,0.04832532234683756771,115721396,True,True,2314427920,3633355,False,7
45,47,5Fy3MjrdKRvUWSuJa4Yd5dmBYunzKNmXnLcvP22NfaTvhQCY,5HJvTnicbUEyKHE8pu3tWVhECRiqgDmxKE3AcG4H4djeyRK8,4333892,2024 11 24 06 42,0.59159227893492027161,218030270148224,0.1200579842832074464,0.00096131837949187457,0.03012130922407873655,72995384,True,True,1459907680,3711075,False,9
45,57,5DQ2Geab6G25wiZ4jGH6wJM8fekrm1QhV9hrRuntjBVxxKZm,5DALJz7mndb2b4bAaxtokVSrKpd9PS48qYPyYerb4xFs7KDb,4333892,2024 11 24 06 42,0.62545204852368963149,150906694446465,0.93545433737697413596,0.00096131837949187457,0.02702372777904936294,65715321,True,True,1314306420,3647438,False,11
45,17,5E4z3h9yVhmQyCFWNbY9BPpwhx4xFiPwq3eeqmBgVF6KULde,5DSsZGwBuYHRDA7HzdZUVBhKKpZpJKcf7rTd9y5Gz1SQyo9V,4333892,2024 11 24 06 42,0.60703440909437705043,169042420397402,0.63204394598306248569,0.00100709544518196384,0.02459754329747463188,60143092,True,True,1202861840,3688233,False,10
45,193,5G1NjW9YhXLadMWajvTkfcJy6up3yH2q1YzMXDTi6ijanChe,5DyMLUKuc6T3QFAXKd3w6dTcxmcH1WBZ1gDrRwJAnPf7N28w,4333892,2024 11 24 06 42,0.59998474097810330358,108658030255216,0.93058670939192797742,0.00097657740138857099,0.02044708934157320516,50313414,True,True,1006268280,3738593,False,12
45,52,5CVS9d1NcQyWKUyadLevwGxg6LgBcF9Lik6NSnbe5q59jwhE,5EsutAGoekFjUm8DHAXSpLBGMKDUGALsLCbEb5JCwK6yiwTH,4333892,2024 11 24 06 42,0.60273136491950865949,66537984958636,0.9666895551995117113,0.00099183642328526741,0.01324483100633249409,33456542,True,True,669130840,3704275,False,13
45,50,5F27Eqz2PhyMtGMEce898x31DokNqRVxkm5AhDDe6rDGNvoY,5GYXZBZoFA74nzAGg4R9omd2SfCDHiGufETtrLso6BRzv2p4,4333892,2024 11 24 06 42,0.61324483100633249409,53863118349847,0.93545433737697413596,0.00099183642328526741,0.00968947890440222782,25122577,True,True,502451540,4063585,False,14
45,146,5HbScNssaEfioJHXjcXdpyqo1AKnYjymidGF8opcF9rTFZdT,5F4XcaiEBkE3ARx2kG29KJ8e94nFfUZQYC4c7zfticastxiD,4333892,2024 11 24 06 42,0.59618524452582589456,49227651137624,0.93011367971313038834,0.00097657740138857099,0.00923170824750133516,23981505,True,True,479630100,3820633,False,15
45,173,5ECs7Ur3YPxGptvpZqvp1Bz4pUEdKGVXyFw6CLHp9XPMjsmz,5CqnYXq7fC4q6T2niZY77YDzUrXFQtppKkh7zb73cydSMn7p,4333892,2024 11 24 06 42,0.93664454108491645686,342347147,0,0.00706492713817044327,0,16584545,False,False,331690900,4316461,False,217
45,100,5E4W59ixyZMkCjZmrRvVxxjHx1bEAzdpakREmgqFZJXGwFuJ,5DArAW4DVYh4MjjTGLpshSUuALNVRpMQGNq7uLResmES1vLn,4333892,2024 11 24 06 42,0.6341496910048065919,396057446,0,0.0058899824521248188,0,13825207,False,False,276504140,4278731,False,164
45,225,5Dd18pd6BnhRdN4hUGesLquhaUwbGr5WjqPsysVcxnAvtPkW,5FvZoC1qBhtb4qCBRUUTniXaexSFHDPN65uCkED1mrru1LaY,4333892,2024 11 24 06 42,0.85374227512016479744,384632527,0,0.00579842832074464027,0,13638309,False,False,272766180,4200279,False,182
45,189,5FFCd7bnFsuRhFKsUDik6oxd6NnAMiYV3kgZjwMYS2TdWofn,5F4rc7Jyp1HYYqtqe3uU56uaPEKzU8Xb83jZcBZdsjkhCpLN,4333892,2024 11 24 06 42,0.53196002136263065537,570708469,0,0.00566109712367437247,0,13317960,False,False,266359200,4223037,False,89
45,16,5FFHfdqHBqMcSPaQx9weqxZHMBrzSQAGGfQCfCcNM8z7Ut8E,5DArAW4DVYh4MjjTGLpshSUuALNVRpMQGNq7uLResmES1vLn,4333892,2024 11 24 06 42,0.94653238727397573816,393171380,0,0.00543221179522392615,0,12758691,False,False,255173820,4272863,False,165
45,49,5HmdoysPqH9KqpWsEztBnJAZBzDQFoJkiFsxUQ1HAuK192nn,5EoDnoqcdbQ5G3t2UWFwpfP2FEhNsAGVUrb44DmsU3tNQoiA,4333892,2024 11 24 06 42,0.73804837109941252766,578153109,0,0.00538643472953383688,0,12658696,False,False,253173920,4295035,False,61
45,255,5G1zukycKpvoYefoNoKrhbrKkL8Ahr9DMJXZad3Kr9RtRgLb,5HYsKEbgKNBPe695rBTxTrJmQxd6vjWYFX5WJhYipkT8cT4X,4333892,2024 11 24 06 42,0.71822690165560387579,707117811,0,0.00537117570763714046,0,12621154,False,True,252423080,4309533,False,24
45,45,5CFYtjZNTHtnA3Maivb2CkHRReeb23LF6NLgcN7tqxgaUmfk,5FNcCJh2G9BS86Yn9RuJww1GxHJBuiyFQqsB9X325ngdSEBJ,4333892,2024 11 24 06 42,0.83549248493171587701,360496263,0,0.00534065766384374762,0,12564920,False,False,251298400,4238210,False,213
45,191,5FF8MR5Tf8couvAsURcitbLW8mytR62hR645a5uDfYasQ6Qf,5Gn1VmBFfXEf6CfkyzFxr9kS6bBnsL7NoJNUezCdYFsUR9VP,4333892,2024 11 24 06 42,0.81847867551689936675,567932119,0,0.00532539864194705119,0,12529189,False,False,250583780,4203596,False,95
45,122,5CXzUgWtqAzG9VprS537YJJv3wQwvJqKm6RmDMtQYLcKsFeA,5DCvS6n648ZBhw8kM6RwRoqJcvKHWj6F8LbXh13zHRA8UouB,4333892,2024 11 24 06 42,0.93534752422369726101,538425820,0,0.00531013962005035477,0,12487656,False,False,249753120,4225554,False,158
45,196,5HU3JwesTzWMfrfD7xG6uScCREnZpJXqupArhTMrjj1TwgBf,5EtMiKqyTr2jkc8pnPWBb722erLyZxr7GTFdHMuxkiwZWs5k,4333892,2024 11 24 06 42,0.74560158693827725643,580276872,0,0.00524910353246356909,0,12344749,False,True,246894980,4243195,False,57
45,87,5HYduNSF5WmbtBPnBFP4inJUWk7jPubtmWaw8ZmR5eJJHs3g,5H6EfVRG2c8AMgWpAjipXpjBm6nsp9Bw85quFGex97DznaB1,4333892,2024 11 24 06 42,0.72379644464789806973,587307942,0,0.00524910353246356909,0,12335727,False,True,246714540,3797157,False,40
45,125,5C4j9nmM3YaEGxBoZNcNHNmZXHRJPCHTtRymBtxL5rSVVJno,5FNcCJh2G9BS86Yn9RuJww1GxHJBuiyFQqsB9X325ngdSEBJ,4333892,2024 11 24 06 42,0.9843595025558861677,374306208,0,0.00515754940108339055,0,12119076,False,False,242381520,4183193,False,206
45,249,5EeGyBzwiRPCcfLYAa9o37H5jcmhrszbgz5ENXpK8WGbUmpB,5HpfFGztBFbKXxZ2eniBm8Q3HZ2PDkyotW2rQyZebv9tErc1,4333892,2024 11 24 06 42,0.94644083314259555962,379397490,0,0.00514229037918669413,0,12091989,False,False,241839780,4221596,False,196
45,179,5DAY4UYHaoYvKriUc4bHiopBaSzzE5JfynTEH1DmG1FkfABj,5Hmq5waAX4d8xwKsZNzwmwsvMbiqtjNqWFpJhGQNKhAmtTfk,4333892,2024 11 24 06 42,0.79693293659876401923,558671290,0,0.00508125429159990845,0,11950344,False,False,239006880,4292516,False,127
45,145,5Cty9K3iWz6UPZKpb5ZovK4SV21R8waQ2FazKQcf12Kw6dko,5HEtUP9pL1yj2GXHsMf4b5dAAAtBLEynEKUWpWEZc66WJHve,4333892,2024 11 24 06 42,0.93424887464713511864,561282418,0,0.00506599526970321202,0,11899838,False,False,237996760,4210797,False,119
45,54,5Gn22mPVdqp9vGLCrF1vWenNDDBETcLXNR6NqkJ16CVKsroD,5HBgEKHJryVgWqZ6ixNrCLTGRzXuFqThfy4DKn1qviTyVDDr,4333892,2024 11 24 06 42,0.80367742427710383764,570832951,0,0.00502021820401312276,0,11809011,False,False,236180220,4084075,False,85
45,244,5ES6Z1rp9cjQBmkvEk2Lkv3PHsGkCJ8pKF6tgM5dfPp541eo,5FNcCJh2G9BS86Yn9RuJww1GxHJBuiyFQqsB9X325ngdSEBJ,4333892,2024 11 24 06 42,0.8175326161593041886,382530021,0,0.00500495918211642634,0,11747945,False,False,234958900,4175532,False,185
45,62,5GbD6fTmsGY1ektUef8oPMSvoVsXfto8JYhFymnbQhPKkWgz,5ED3jAsgo2BX25KVnC1WpFrJ4zBR1uEooKGbJLZA5i5sTVyK,4333892,2024 11 24 06 42,0.7662012664988174258,577112393,0,0.00494392309452964065,0,11635159,False,True,232703180,4251475,False,65
45,116,5F9Hw9mTa7X2nDQ9i32nLw3Z6LFAvasbg4mPU7ieSzK2GWzc,5FvZoC1qBhtb4qCBRUUTniXaexSFHDPN65uCkED1mrru1LaY,4333892,2024 11 24 06 42,0.92915236133363851377,209005071,0,0.00494392309452964065,0,11620104,False,False,232402080,4322264,False,221
45,94,5H3GUTxwobB5s37pTGJWrGm6WxRN2NdPFAa9Swk4nccqc9NM,5FvZoC1qBhtb4qCBRUUTniXaexSFHDPN65uCkED1mrru1LaY,4333892,2024 11 24 06 42,0.88972304875257495995,189325137,0,0.00491340505073624781,0,11540975,False,False,230819500,4293249,False,226
45,74,5C86LoNST8MfiBysTahvrcKNxhDD23nNy1hZK2Yev32NGbQ8,5EsmUTXwVV8TR5qd3hCwbYXWxXLQ3zv4vjHUUNhayCxDXdSU,4333892,2024 11 24 06 42,0.91831845578698405432,560926999,0,0.00488288700694285496,0,11495791,False,False,229915820,4303676,False,121
45,208,5ERnwJozAnFbN4aE2tRNGEtGyh9UATydbj9vFZJeg81GKs5e,5FvZoC1qBhtb4qCBRUUTniXaexSFHDPN65uCkED1mrru1LaY,4333892,2024 11 24 06 42,0.96209658960860608835,2365124946,0,0.00488288700694285496,0,11486310,False,True,229726200,4208637,False,17
45,129,5DPERcQc8iUsxRT68f1PyhncbuvcpA6e9LVkRxRnzuoyiZP1,5Et3K2NoMyoTwgd1jxSasX7cGiuxkvpfmgKGtGcgoBE79CwD,4333892,2024 11 24 06 42,0.60590524147402151522,579420954,0,0.0048371099412527657,0,11379981,False,True,227599620,4202876,False,59
45,242,5DCdtsFyRcW3g5RBARveQSpSkwwDq12VH5wPRH6VD2XZXQiT,5CJasvqdMrzxQZk2hNzZ6thfhY5qjoF1HbJiwoDU9goVLCym,4333892,2024 11 24 06 42,0.90475318532082093538,144657363,0,0.00480659189745937285,0,11281835,False,False,225636700,4326467,False,237
45,76,5GhLaQ8My9ozkLF1LKefdNjwGLdb2NZ92YQRiDG2R7Dp1GW8,5HTH9bcZqKGNWnNYikdzeJ1b2cXMGxyZaHvqiPrHgUDaGR1o,4333892,2024 11 24 06 42,0.87353322652018005646,385660703,0,0.00477607385366598001,0,11215876,False,False,224317520,3937557,False,175
45,130,5DXMk11jnJfqFyARytHsW4JBrR9zUSAAYkq38JSa2Mj8juP4,5DyJ5Uhn7DBjNvPZQbzdrRtdUaS6uAVc49UBcbrkpWsYw6cR,4333892,2024 11 24 06 42,0.73817044327458609903,548340624,0,0.00476081483176928359,0,11185032,False,False,223700640,3974276,False,154
45,75,5HNQv7quk7M7QYG5DM5g5v71AVrurekvRLLddB9J5R6RMeoC,5Hba1E1nYcWdm28KtD5KZAbbe6bZCbBZmR1dP66qXzoTKkEg,4333892,2024 11 24 06 42,0.89724574654764629587,383099295,0,0.00474555580987258717,0,11157199,False,False,223143980,4250219,False,184
45,185,5CoKVMrQCgKZfLaGUp397NiySk1Agwo1g3imydoZVYCjo1HY,5FNniEZQq3Rx2tq5f9csVXudnygbXFwV6DcvZ6HyUUUCTvGE,4333892,2024 11 24 06 42,0.82934309910734721904,379546021,0,0.00473029678797589075,0,11129813,False,False,222596260,4210073,False,195
45,67,5CM8ScvBEUGoqDAHEhxiMUgDk7Qa5aV6wDKtakgwoZ24SJCS,5C4ydimXefjtBiX9yufAJMRq54XeaGXxs8y6sYDrp1uGrMsw,4333892,2024 11 24 06 42,0.83697261005569542992,550186136,0,0.00471503776607919432,0,11086357,False,False,221727140,3793195,False,152
45,61,5Cr1aq12JSWZi6MV5FmL61yL9Ewm5tPAmmLRr5FSobUPY8qK,5GpTEwsBF5BzK1hmB2tPrjfgNxW4hoKFasavin4JuejT1Hn2,4333892,2024 11 24 06 42,0.83311207751583123522,557531402,0,0.00471503776607919432,0,11080739,False,False,221614780,4291796,False,133
45,235,5CPcGqFKbJ3FLiFe7xavEwfYMmjBd8MPBVSiDrnFp4DGbypK,5FHxVBZmJsyx3TrjiaoGtq3nAWTsDPuLnsWYeQgUfV5wKoiu,4333892,2024 11 24 06 42,0.85583276112001220722,385447303,0,0.0046997787441824979,0,11064060,False,False,221281200,4289993,False,177
45,93,5HYT4GzKtu54xQTRsTgsBhm69gonXdWH1L3bu68AxNMt5X8J,5E7KpxCE7w5Yfp1isH2i8hNA1MEihcotPGMUMWkuymBD2ft2,4333892,2024 11 24 06 42,0.85709925993743801022,581336250,0,0.0046997787441824979,0,11039580,False,True,220791600,4148517,False,55
45,165,5GBq2j3gnwB7QTiQrmyTvftowKhYq3VAhcowxTS665eMYa2w,5CqnYXq7fC4q6T2niZY77YDzUrXFQtppKkh7zb73cydSMn7p,4333892,2024 11 24 06 42,0.90969710841535057603,391523366,0,0.00468451972228580148,0,10996662,False,False,219933240,4244718,False,167
45,133,5Ei5xqDdNrDxE33PAnxt5suSUEWNDxbpTt811HfLD81L3jkX,5Hba1E1nYcWdm28KtD5KZAbbe6bZCbBZmR1dP66qXzoTKkEg,4333892,2024 11 24 06 42,0.86358434424353398947,377918643,0,0.00466926070038910506,0,10990406,False,False,219808120,4295511,False,200
45,236,5CJw6yd6q3eWp77JiPTDwPpRqWqWzB2dzazjuuSR94r59F8s,5FvZoC1qBhtb4qCBRUUTniXaexSFHDPN65uCkED1mrru1LaY,4333892,2024 11 24 06 42,0.82902265964751659419,382455744,0,0.00465400167849240864,0,10948362,False,False,218967240,4293255,False,187
45,141,5FRNfJK4iDxAt2eduSb33EB331FoGWyP13MtF7JSKdvC6ZRG,5FNcCJh2G9BS86Yn9RuJww1GxHJBuiyFQqsB9X325ngdSEBJ,4333892,2024 11 24 06 42,0.96025024795910582132,387236046,0,0.00465400167849240864,0,10927907,False,False,218558140,4226093,False,173
45,251,5GvC9xKdw5dn2oL3SRMuwfzu35Xs1jrVcGqUui8uVTYoNRe8,5Hjjy5PaoBeV1SyoWBueyV2nnc7vjXrM8QgM7Cd7otT3VGmJ,4333892,2024 11 24 06 42,0.94424353398947127489,590744119,0,0.00463874265659571221,0,10922476,False,True,218449520,3951957,False,38
45,240,5HmfaKUoyezaxwohaNjfYkYQPDy3xq6i6z3DN1rU72mLPqC6,5CqnYXq7fC4q6T2niZY77YDzUrXFQtppKkh7zb73cydSMn7p,4333892,2024 11 24 06 42,0.96624704356450751507,387308108,0,0.00463874265659571221,0,10896497,False,False,217929940,4245095,False,172
45,233,5FUctMutWr71enJNr2Ch1XKo35rmEhR3HYTjH2Au8RW5AM8K,5HBug5q6fPvGtGFku9m4vz3xcDXPPpA3CyQfBhZ5ffD1AgFe,4333892,2024 11 24 06 42,0.82862592507820248722,565291426,0,0.00462348363469901579,0,10880176,False,False,217603520,4198915,False,108
45,224,5GHigxaQTBVhU8NkgrQcGvDovJXjjD8ofK8C8TAXnr77i6QB,5C5fTdYhiTApswv2n1rPR3JZJgDczHTxsTStJvVMvLeCEo2d,4333892,2024 11 24 06 42,0.9226520180056458381,557186075,0,0.00460822461280231937,0,10843241,False,False,216864820,4299716,False,135
45,135,5EsqitXWaiThdZvwnGmuUijdwSr7X4TcuvjwfbVySi8ntVE8,5Hba1E1nYcWdm28KtD5KZAbbe6bZCbBZmR1dP66qXzoTKkEg,4333892,2024 11 24 06 42,0.8069428549629968719,381461888,0,0.00460822461280231937,0,10823342,False,False,216466840,4250730,False,191
45,37,5Ge7jazZXzRtCuRC8mcgeF7WZYhtBNuCjznLyQMaKgYzevHe,5DNoRsDBfHWd34s3V83zkh2TotVqX7df9UFkQdigGee6EWpN,4333892,2024 11 24 06 42,0.94424353398947127489,555878662,0,0.00459296559090562295,0,10802833,False,False,216056660,4157156,False,139
45,109,5G8p5kDUP5dFJT8JW6rRmGVzDCoUf94VwCGsQqVSt7zbRGQa,5Hba1E1nYcWdm28KtD5KZAbbe6bZCbBZmR1dP66qXzoTKkEg,4333892,2024 11 24 06 42,0.86105134660868238346,375338219,0,0.00459296559090562295,0,10796930,False,False,215938600,4250569,False,205
45,70,5CZjqgoNwaG69x2q3LtKzpYVi9QF7gYcwdQnPhEiVrCj9Pq1,5DArAW4DVYh4MjjTGLpshSUuALNVRpMQGNq7uLResmES1vLn,4333892,2024 11 24 06 42,0.87437247272449835966,222046699,0,0.00459296559090562295,0,10796732,False,False,215934640,4322426,False,220
45,138,5Da9YWNhcmsqu1rSYYBNdPtwqt5ANAWW9GFLNGnXnoPfuA2z,5GVnNZPApM4K5yPNT8BijhH8rtJ6jd1cUX7MirP94sKohh3d,4333892,2024 11 24 06 42,0.86625467307545586328,557972318,0,0.00459296559090562295,0,10794945,False,False,215898900,4299714,False,130
45,59,5FEHfLvXvQx9oa7P5iD5FqShNcdb2zX7Y1NmdpGCVL3oFjUm,5FNcCJh2G9BS86Yn9RuJww1GxHJBuiyFQqsB9X325ngdSEBJ,4333892,2024 11 24 06 42,0.86993209735255970092,385049603,0,0.00459296559090562295,0,10787089,False,False,215741780,4175368,False,181
45,92,5FQrf23RjDVp34CWRYrUxoguYsAUS1LdE3pHiq9NykcpFjJo,5FNcCJh2G9BS86Yn9RuJww1GxHJBuiyFQqsB9X325ngdSEBJ,4333892,2024 11 24 06 42,0.81524376287479972534,447693539,0,0.00459296559090562295,0,10786794,False,False,215735880,4317203,False,160
45,253,5CFZY9L9JrcFvLzqM9KE8bEPRbDseLxHzz7qDQVFLCGE8nBB,5FvZoC1qBhtb4qCBRUUTniXaexSFHDPN65uCkED1mrru1LaY,4333892,2024 11 24 06 42,0.88963149462119478141,112623278,0,0.00457770656900892653,0,10755960,False,False,215119200,4323389,False,238
45,241,5GTgSBYaighntQ3zkZK9MKgcjiwg7BFLmqpZfzL2sYBxSZyi,5GT9tcxYsu7z4Y5LoEZDgkvhgfYxpfV76b1iU9ZahF6cFt1D,4333892,2024 11 24 06 42,0.88200198367284657053,387070859,0,0.00457770656900892653,0,10755177,False,False,215103540,4290717,False,174
45,28,5C5Uj5xrXAErC1yK7rR8XaLTTtRDESnbnNMGdHi6gG9BqRom,5CqnYXq7fC4q6T2niZY77YDzUrXFQtppKkh7zb73cydSMn7p,4333892,2024 11 24 06 42,0.7771419851987487602,379359728,0,0.00454718852521553368,0,10704948,False,False,214098960,4193937,False,197
45,35,5EWapfNtTXvDf2Ea7M1M7ie7nNo3YKQaY2ZqY6p4EU8GdZaz,5EZkuun7vVATqVSAKrS6UxoWcKdjaYistyZvVFQ4VZuigLRR,4333892,2024 11 24 06 42,0.95255970092317082475,376590472,0,0.00454718852521553368,0,10692358,False,False,213847160,4251114,False,202
45,12,5HioL8qzGqFf5a1rsEra5z4USFyXqTAC7BunQ4n4Fw1eFPgt,5HbgmWfW9knD1tUXEMcd78hsYJSRkuuwLe1jgRWwRwrqbUh8,4333892,2024 11 24 06 42,0.86085297932402532998,553097191,0,0.00454718852521553368,0,10691123,False,False,213822460,4293957,False,146
45,0,5FQmjyUENUizr65WatRRqbmrEb1BykSTZzLYGp81g4m6QKMX,5EXXVgTiRXHaSmEH8JHviKHYt1DDKEsWmTjVMB2WX2LnQqjV,4333892,2024 11 24 06 42,0.7644464789806973373,567339849,0,0.00454718852521553368,0,10681157,False,False,213623140,4207916,False,101
45,210,5CkbTGz15aauCBornAYtErN9JhUyFpL2kkjJauzD56diBvPT,5GrqBHZ8BpSbGtCaVscs3RZm7ckNbub2twJLhyoVxGyyiC4m,4333892,2024 11 24 06 42,0.6648661020828564889,542104459,0,0.00453192950331883726,0,10644161,False,False,212883220,4200716,False,157
45,243,5Evjd49nWR3DEbjEKdLCQh19o5D2DndkHZwKbMTpghnTHEYk,5CB55NmDxUduwwVk1vGQeCyWvJ6bFYmDXDaLrwH5n7HV5qEj,4333892,2024 11 24 06 42,0.82238498512245365072,387355767,0,0.00451667048142214084,0,10626751,False,False,212535020,4299717,False,171
45,190,5CSe6WGxq99R2c5JQwnmhBLrXH6sUBBgxZW9X1v1HaHEjHP9,5Ebi68mgnDEy8u9hSV1DnmK7iS4NN7ubChhWXzHFMrPrXCYB,4333892,2024 11 24 06 42,0.81287861448081177996,576657581,0,0.004486152437628748,0,10553275,False,False,211065500,4292875,False,69
45,245,5EwDUcTEpYmS3JycCvzxNpi36LSv4H9ze8RjTDj3QrQuKVFq,5CMbdt9SjFxFH8R4xMnT15UunBCezgKp3HNsM9sE1UiHyaWA,4333892,2024 11 24 06 42,0.55909056229495689326,563886820,0,0.004486152437628748,0,10552016,False,False,211040320,4221957,False,112
45,18,5FnSMiiAt58bStTm3FnqQtVKv79n1VNh1MaKWzECjpxEUuBy,5CaELgiM9pqQwi9ASb4QjqJgyTN64oXKSLeqUzZEiD7agfQP,4333892,2024 11 24 06 42,0.88343633173113603418,563174876,0,0.004486152437628748,0,10537030,False,False,210740600,3940797,False,114
45,227,5ChusvbEBGeC8rELP73HcrgsZvU6P7PQNCsg4cjzEu4MbPZc,5DeoUTkLhK1UPUxD4uLSgXaYN6vbB6Mncjpzc1kBZnN7Rnwz,4333892,2024 11 24 06 42,0.89077592126344701305,564565796,0,0.00445563439383535515,0,10472423,False,False,209448460,4080115,False,110
45,5,5DJCsUezS9KgZzWZKfdFwjSt85SEsDruu8BYfAm78FEQ2atr,5CnrtgaYFZDSawSEA8HA9gCWfs4kiQYqs9wYbgKP8Sj9CiSz,4333892,2024 11 24 06 42,0.83213550011444266423,575769412,0,0.00445563439383535515,0,10465129,False,False,209302580,4219796,False,73
45,195,5DwRQeGEkeCAyHosSyci4YX13FdBEB2EAogKE66RMvJCVeox,5FxN6Hn2e9BYidmC51MW5cBemvMZiNMe49QNv3Af42gctjov,4333892,2024 11 24 06 42,0.83686579690241855497,591790285,0,0.00445563439383535515,0,10462610,False,True,209252200,4304035,False,37
45,90,5DWnFGSKXrbW67B1PqoJEDUVx5b4BcoY9BjTvPxUfuExrAjm,5FNcCJh2G9BS86Yn9RuJww1GxHJBuiyFQqsB9X325ngdSEBJ,4333892,2024 11 24 06 42,0.87032883192187380789,387595570,0,0.00444037537193865873,0,10438610,False,False,208772200,4181785,False,170
45,107,5EnQzimmLKeznZdsLVXDJJKyZ1qHyUfWCMMcp669jEMi8hq9,5GsF3WvVmknRi4X97v4KnEaAGuGgkkzGPUvxNrYsmjGkBGiQ,4333892,2024 11 24 06 42,0.80701915007248035401,557454408,0,0.00442511635004196231,0,10403105,False,False,208062100,4304397,False,134
45,229,5HT2W55sbRnfo2Pk8cXqZcaTNfp8waCyM6LqvCxDqSVGUh3i,5Gv8g6zREGXncTixKoXShwmNnBXZTZQf6ng1rG4TiFSQfQrq,4333892,2024 11 24 06 42,0.89199664301518272679,575428012,0,0.00440985732814526589,0,10383557,False,False,207671140,4294673,False,74
45,112,5GYPtqgubhs6hiUFCrsFvyYMJqizaGU2yErTvJ3svbFzU8Pv,5CqnYXq7fC4q6T2niZY77YDzUrXFQtppKkh7zb73cydSMn7p,4333892,2024 11 24 06 42,0.96989394979781795987,360377674,0,0.00440985732814526589,0,10350061,False,False,207001220,4243916,False,214
45,181,5CB758fUi4qTM2E7cD36DPmWDY1sa8FKwNCFrtpS5bM2z4ah,5FqQLx4MRsFXBhJfzHDb864j1Lx8tZdETfxnbJ8MFpatHgJL,4333892,2024 11 24 06 42,0.80886549172198062104,597309287,0,0.00439459830624856947,0,10334337,False,True,206686740,4205755,False,33
45,234,5Ea9YQejUrZtZa1sUda1eUr3EE1J9w9kK2VLrVHDuWNT92g7,5GbYe3V96K6HmkGgSqd194pdAkAKecxDL5gPXhXcFcy6zSaK,4333892,2024 11 24 06 42,0.9190051117723353933,571369920,0,0.00437933928435187304,0,10301885,False,False,206037700,4213317,False,82
45,68,5E4N2Fkc6D11eJcMd33dnqCd4MHue1aHV3zdRjutwj6VXEyV,5EA5qZENPp6vkBN3pLVdfUzzitAGrredjnMZH2AVGMx8VZfe,4333892,2024 11 24 06 42,0.68097962920576791028,582308842,0,0.00437933928435187304,0,10291080,False,True,205821600,4165795,False,51
45,111,5FCF6fiBg6uexmRvRszjeEbRtbW9NHpdaXKPxnjWvn4MDQx3,5EwDQFECpor4j7gdJBa7ysEKk2jhupE1XpxxnvTwLmkkmRYg,4333892,2024 11 24 06 42,0.86720073243305104143,567073892,0,0.00437933928435187304,0,10285660,False,False,205713200,4221958,False,102
45,14,5HBVJLtkyE5k2BKdPYXNyq9q9iTTw6iqAZwR7AAAyykx3d8o,5HYsKEbgKNBPe695rBTxTrJmQxd6vjWYFX5WJhYipkT8cT4X,4333892,2024 11 24 06 42,0.779522392614633402,760720232,0,0.00436408026245517662,0,10264879,False,True,205297580,4264438,False,21
45,46,5CXCS8JyqnErNQHAKmRN1go3ZxEFNgt26FBjLZMnw3y6roWz,5Hba1E1nYcWdm28KtD5KZAbbe6bZCbBZmR1dP66qXzoTKkEg,4333892,2024 11 24 06 42,0.82839703974975204089,388466434,0,0.00436408026245517662,0,10243576,False,False,204871520,4250145,False,169
45,69,5GuLoEmXSohopdNjGJt8TDsuPCDdYMWmZzMCyH4ZGkep82RN,5FvZoC1qBhtb4qCBRUUTniXaexSFHDPN65uCkED1mrru1LaY,4333892,2024 11 24 06 42,0.97332722972457465476,752110902,0,0.00433356221866178378,0,10195641,False,True,203912820,4300255,False,22
45,77,5C5zuHMMkiDoV5Ra4xZk31xpgZSAN4Nhd42zgijpXXK6UXLB,5DArAW4DVYh4MjjTGLpshSUuALNVRpMQGNq7uLResmES1vLn,4333892,2024 11 24 06 42,0.92294193942168307012,378480537,0,0.00433356221866178378,0,10183685,False,False,203673700,4271343,False,199
45,204,5CMBCzohFDKo3W8XdwDWiNHdcMgBBhAdEHpGjfQ2baYmCUEP,5DvWKjhcjSJx46ZM2V83UBtYe6YVxs5VnBkaJhTHU8Vg3GBf,4333892,2024 11 24 06 42,0.85128557259479667353,373500798,0,0.00431830319676508736,0,10168286,False,False,203365720,3973196,False,207
45,89,5GcDbYJEWvR8cxoHL896SY5zzQ1A64zwVeKCmxhiAiFnFycJ,5CJasvqdMrzxQZk2hNzZ6thfhY5qjoF1HbJiwoDU9goVLCym,4333892,2024 11 24 06 42,0.86829938200961318379,74516139,0,0.00431830319676508736,0,10165287,False,False,203305740,4330610,True,240
45,63,5F4no5HBBbTohTnrajY5ndUUhr9Air4Yqj8hdLycuDfcAWgo,5HHPyEqZucMNSc8WtRJqZ1HUfemR6UUw23AtNjqEFJW7uye8,4333892,2024 11 24 06 42,0.92690928511482413977,577205225,0.05679407949950408179,0.00431830319676508736,0,10148119,False,True,202962380,4219434,False,64
45,139,5CFxxb1AwFqYJ6PAunJ7QpUsGotbJmigbK98WAaS1kidduG8,5GmVwsVtrEY2CVaQVkwNb4ppRHUMJjUgNf9bXvTx24s6xBEe,4333892,2024 11 24 06 42,0.93177691309987029831,563181243,0,0.00431830319676508736,0,10144599,False,False,202891980,4293955,False,113
45,151,5CAimqbtpHa7Au2J5HFs3b5FPXFrYbtw2YwqcLHdj8Tjd55V,5GE8PDRPNeBi6v5hDsa6uV8AXHYgMAP5kNowSNdsBwZXe9MD,4333892,2024 11 24 06 42,0.8109407186999313344,590311217,0,0.00431830319676508736,0,10135570,False,True,202711400,4200715,False,39
45,72,5GLRq3iyMH2b5adoSV5ojRr5DH3K4o6Sb72bQT6NiSQQzHi9,5HphodvtQqML5bEMEyeTzmd3Ssyh1WHJMKBqTyxKQJ8VPceD,4333892,2024 11 24 06 42,0.94760051880674448768,568544069,0,0.00430304417486839094,0,10108509,False,False,202170180,4294315,False,94
45,132,5CfXN7MScPLRvZFxesC6kViL1XUuemTWbKSkCzuRnw5tEiA1,5CewBhEAV3xYe61fsgBbYYTHiNojwyaMgKX56pQbZyP1xzjD,4333892,2024 11 24 06 42,0.84272526131074998093,565488494,0,0.00427252613107499809,0,10033235,False,False,200664700,4226993,False,107
45,187,5HYjHtjwHt16u39buU1Afc9hjQqVjTHE5VZijVb9jVZNURHQ,5Esf1sMA1BeAVHju3QvFt3Zb28yexrkPVGAK5AdvWMuAVcF6,4333892,2024 11 24 06 42,0.72707713435568780041,567461504,0,0.00425726710917830167,0,10026711,False,False,200534220,4037993,False,100
45,96,5HgLWwQZ7Cb1wg1UL2yLXKCEnDsB8X5xCBych9e6uMWRmZ5J,5FNcCJh2G9BS86Yn9RuJww1GxHJBuiyFQqsB9X325ngdSEBJ,4333892,2024 11 24 06 42,0.91273365377279316396,384179645,0,0.00425726710917830167,0,10023410,False,False,200468200,4238204,False,183
45,194,5F4osszWKXucCdXUtWzmppUm5mRXd1263v1X9Gz8fJhgFmKR,5FvZoC1qBhtb4qCBRUUTniXaexSFHDPN65uCkED1mrru1LaY,4333892,2024 11 24 06 42,0.9566643778133821622,5680437,0,0.00425726710917830167,0,10015433,False,False,200308660,4327670,False,245
45,180,5EyKu5HL1pDHNrVWyNZF9zQDrEkLdDUZfaq4LGyc6D71P7tg,5Cz2LjSwcpE1x5ZdHuwicQu7WZRKD9HLEJhVAwELsj37eLAe,4333892,2024 11 24 06 42,0.9313496604867627985,560483305,0,0.00425726710917830167,0,10005873,False,False,200117460,4289994,False,125
45,198,5CvxSqWsChaNFnYpQDPRNfM5NPH2VKsHZjCuKskYWqWck3D2,5DArAW4DVYh4MjjTGLpshSUuALNVRpMQGNq7uLResmES1vLn,4333892,2024 11 24 06 42,0.90914778362706950484,368247300,0,0.00424200808728160525,0,9959444,False,False,199188880,4288626,False,211
45,9,5GN57zjuxBibzq5L1oRncM18p7gu234w6fkpgXCyGcVcagaS,5HYsKEbgKNBPe695rBTxTrJmQxd6vjWYFX5WJhYipkT8cT4X,4333892,2024 11 24 06 42,0.8164797436484321355,702034801,0,0.00421149004348821241,0,9895164,False,True,197903280,4302406,False,25
45,26,5GQY8xr5WfJK5QhDsgYY7e9iPZC5PvvJnRkaXFv7tCgvRKtJ,5CrKKAKgWqnuWW86kMkDPMuem62iaAnJczYAcvVy1nKXH1Xk,4333892,2024 11 24 06 42,0.94801251239795529107,580453138,0,0.00421149004348821241,0,9894929,False,True,197898580,4224114,False,56
45,2,5DAxBZ7byxw1JixT4GuwR2NVgCvD7a2PvqGmVFhkR8WZbCQH,5H15Eb2s7S6bF7eWuZ5eL6vrj8Uz4vEmgu1iFWRsqRPtnCtz,4333892,2024 11 24 06 42,0.82105745021744106203,560934625,0,0.00421149004348821241,0,9892727,False,False,197854540,4257596,False,120
45,221,5Gx2w2RAKmuL9SFb8Mapk7uqCVgKY7uvL5jqKPtYfqhNxCGJ,5CJasvqdMrzxQZk2hNzZ6thfhY5qjoF1HbJiwoDU9goVLCym,4333892,2024 11 24 06 42,0.91981383993286030365,0,0,0.00421149004348821241,0,9892149,False,False,197842980,4329646,True,0
45,252,5HEdYJcRNsrjvtH8CGk9eDFbWVMVfxR7kMG4EWBFBtoh3C1N,5HBC5EVQFW5VXkApdqYzLywfeBaJ6c4LeuXTYK7muuLMRtuP,4333892,2024 11 24 06 42,0.93339436942092011902,566427378,0,0.00419623102159151598,0,9876483,False,False,197529660,3929637,False,104
45,231,5Ecq1ntEFAy4JeZUBSaVk4UQo4YJcGCb2bcWeNofXr13prXy,5EvhvmLT5WvGZDEtD6p6jt3HksgtLQvtogNeEARf12ZZfE8Z,4333892,2024 11 24 06 42,0.87003891050583657588,583997838,0,0.00419623102159151598,0,9862073,False,True,197241460,4271634,False,48
45,10,5DwWHoca2HuzCqdaGfLStkMhP5gzitho1s98jqHCR7rdvHQy,5C7Q9duGqKX3s7bg8K2AH4FCgT3T2pRKDmocAKZP4UY9PY3W,4333892,2024 11 24 06 42,0.8091859311818112459,558889949,0,0.00419623102159151598,0,9861408,False,False,197228160,4206116,False,126
45,160,5F9wawtPEBMwDihcEVESQgsHLBYp9CeodPyBRE6C3y4thhWw,5DoH5bop5JDds2kSySH573DVAM3bDdwJRV6NuXx6xm9dwVNR,4333892,2024 11 24 06 42,0.82870222018768596933,552956844,0,0.00419623102159151598,0,9859549,False,False,197190980,4219797,False,147
45,24,5Cr5YoQtQ4dQNcpiSFTSS7t9xN3dpR9TG2F9P3W2Z6VEmoB1,5DArAW4DVYh4MjjTGLpshSUuALNVRpMQGNq7uLResmES1vLn,4333892,2024 11 24 06 42,0.79110399023422598611,283257163,0,0.00418097199969481956,0,9831487,False,False,196629740,4322432,False,218
45,11,5EHgDGrurGqSKkxMakhoLFMMTZqxJj6gzeHjWQS6iTMJkWkH,5FvZoC1qBhtb4qCBRUUTniXaexSFHDPN65uCkED1mrru1LaY,4333892,2024 11 24 06 42,0.98616006713969634546,186787792,0,0.00418097199969481956,0,9828309,False,False,196566180,4295600,False,228
45,153,5HE1rzdDkJbTTkVNZXBGjSSZATbQig9a6DwDE24BK34pHHmY,5CqnYXq7fC4q6T2niZY77YDzUrXFQtppKkh7zb73cydSMn7p,4333892,2024 11 24 06 42,0.99507133592736705577,398338322,0,0.00418097199969481956,0,9827989,False,False,196559780,4266239,False,162
45,15,5FKi8uAJmvhWTxuhLwC5pDKCJ3YRBq2KmvLP56hJQeYi8xwD,5CqnYXq7fC4q6T2niZY77YDzUrXFQtppKkh7zb73cydSMn7p,4333892,2024 11 24 06 42,0.95168993667505912871,381157497,0,0.00418097199969481956,0,9825540,False,False,196510800,4271219,False,192
45,223,5HEF7gpsGHsjZ8ydw7mWWUZuUmnvnEJCxxfvPFGn5Cg5C6dk,5Dbsp4ZsyovqGr1hn7HVKAzcHMSHbi2awh3RtJXQhpbtJ28y,4333892,2024 11 24 06 42,0.72838941023880369268,552427668,0,0.00418097199969481956,0,9821451,False,False,196429020,4212953,False,148
45,86,5CRuAQTYuJZicB8g1BCNyXqy56n7VLqkN5vY49c7YMdQzdTR,5Cydqe34YwBjhirb8jAEs5j6u96UKueD97tpbzZRXjN8Q2B5,4333892,2024 11 24 06 42,0.87017624170290684367,576029900,0,0.00416571297779812314,0,9811671,False,False,196233420,4283516,False,72
45,36,5DbtQM21yz3UsVR7DgTDMJLM2ito4QgZmJvuRy78UAiDKy5L,5FZ3RnWJbaKLFJ7VpSuz2oiuamUf6cLF3KhehZSzH21GW3wH,4333892,2024 11 24 06 42,0.9178149080643930724,565683072,0,0.00416571297779812314,0,9800020,False,False,196000400,4282797,False,106
45,161,5H4EodFsYYsCxKuvvkuVaUKrmmfV85oL6Qumd1MN3soDuEYN,5Fq75ABoejZ9nBY3iF5YZZt5tXcYRNdtMQ3nqvy3bXxsqE26,4333892,2024 11 24 06 42,0.53014419775692378119,567883255,0,0.00416571297779812314,0,9793857,False,False,195877140,4309073,False,96
45,84,5GsCaoWGSkPdqgVwhPbQgtEinAG4pqqDhLiCUWBU6JEdMEVZ,5CXSuwgzJ5rSTYb42ES3KHkxMxJG7cPPabKmPKpuZziPzM2r,4333892,2024 11 24 06 42,0.87270923933775844968,570755813,0,0.00416571297779812314,0,9777166,False,False,195543320,4282803,False,88
45,65,5FeqdRETNHx6t1JNEgifUR2zkKjP81GiFf7uU6TwShdmDskE,5Cr66VmePd37oLBRVcRD7Nzh6M7jiBe8NoVYjSWrpZ9cj63P,4333892,2024 11 24 06 42,0.91726558327611200122,574387165,0,0.00415045395590142672,0,9758847,False,False,195176940,4289995,False,75
45,147,5EXQtN14QFLh7YK9rjRdwWaDA8vJMnUa7HyHmYbWy1zPPE6U,5FvZoC1qBhtb4qCBRUUTniXaexSFHDPN65uCkED1mrru1LaY,4333892,2024 11 24 06 42,0.89652857251850156405,178321192,0,0.00415045395590142672,0,9751256,False,False,195025120,4117226,False,230
45,33,5Ejipa2pYiYgDKGUePqVK5dBYSjc6phGMqudL5sZwkdyTBNf,5DSETPMKgYbhtCtunrpZP1icUg53sLc8ToPS8cnZyBoWFSNj,4333892,2024 11 24 06 42,0.88236820019836728466,555501710,0,0.00415045395590142672,0,9749769,False,False,194995380,4200353,False,141
45,78,5FBn95ma9ZVP9aweyTqyfgTEnfSpM9REGK7ENNzBWn6fenc8,5Dm3FqkmHAHnwaWnG4WaJDQqQfuY177CrzyzzmckQdGHUZPM,4333892,2024 11 24 06 42,0.82796978713664454108,576521133,0,0.0041351949340047303,0,9726751,False,False,194535020,4306918,False,70
45,39,5Cetz37dmDGyQEqc4SkBdFg4KEPaiEssavMUH2wcZ36Y8joQ,5FvZoC1qBhtb4qCBRUUTniXaexSFHDPN65uCkED1mrru1LaY,4333892,2024 11 24 06 42,0.92256046387426565957,739613780,0,0.0041351949340047303,0,9724747,False,True,194494940,4300247,False,23
45,124,5Gxoz3YPorwMqK6yDPCr2VjQqea24gAVkda9nfxf6RA7Rq5H,5FvZoC1qBhtb4qCBRUUTniXaexSFHDPN65uCkED1mrru1LaY,4333892,2024 11 24 06 42,0.86547646295872434577,682828105,0,0.0041351949340047303,0,9723760,False,True,194475200,4300446,False,26
45,7,5DcgNGc22QXrKc7TVryEyf6fA2AwFWRuAZi3fARpTNUpnWGy,5FvZoC1qBhtb4qCBRUUTniXaexSFHDPN65uCkED1mrru1LaY,4333892,2024 11 24 06 42,0.85209430075532158389,105956024,0,0.0041351949340047303,0,9716226,False,False,194324520,4327303,False,239
45,212,5HpTnE6VidH12PPs3s5uGajDpLHN9dHb7U9kmkzpH29nro2S,5FYt8PEJN5G4QTa5riaRezB1MkKf5i8vQ9t7PLueHV4Q7bZg,4333892,2024 11 24 06 42,0.91364919508659494926,578785988,0,0.0041351949340047303,0,9716189,False,True,194323780,4210437,False,60
45,218,5FgiFWTfEd7SSoCDCF3LvbiLXFjcDCVgL8BjfxdYMn5mCGqY,5H47BGonjuiTgcbmZxaLTcpkkbLSN39JLN6QBVqwdsSCzKR3,4333892,2024 11 24 06 42,0.97796597238117036698,0,0,0.00411993591210803388,0,9689907,False,False,193798140,4321848,False,0
45,73,5HjXvfVicPxEZoBSoFjmQ8tnna29vM1hDs67xpUoKpeE2epw,5FJ7i1Gn5fR85aaB1AXiTmuJ8T6YMdtDU26tn1QsPp8aJPXR,4333892,2024 11 24 06 42,0.86665140764476997024,368979113,0,0.00411993591210803388,0,9689798,False,False,193795960,4203237,False,210
45,213,5GRR61rFc5ggyEMEhRhm8fYsp3m93k35xGqZazT4d4Mn9mwm,5HbYfexBaq7u2DjtRrAaGQNU2wf1ff6gef91y5UN4maHaniT,4333892,2024 11 24 06 42,0.91229114213778896773,570765336,0,0.00411993591210803388,0,9676823,False,False,193536460,4227355,False,87
45,20,5DJ73UZ9PL1ueb1aYBMZvtmqjYGZLBG4DweCwdXiZiQngkt8,5Ehc7WKZt1LzwNn95gL3hHKbs6fRwzmqxS3Kd9eFunE6WMgx,4333892,2024 11 24 06 42,0.64821850919356069276,553589565,0,0.00410467689021133745,0,9666003,False,False,193320060,4292157,False,145
45,101,5Hpp8Sx9SSzfbZ4f3q4wxfKo6u8xLq3o9xMTrHn76SrBBjAT,5CPJjNMd9QNabXKtaKrQdwvjtJApW7NjKJ76HxV3vCTDQjA3,4333892,2024 11 24 06 42,0.95777828641184100099,572626826,0,0.00410467689021133745,0,9658925,False,False,193178500,4205756,False,81
45,247,5Dnt2ZjMMPV1vQnAmAk2MMLFrUN6CdZrE3FbGdF3nqiw3ryc,5DhY5g7RR63HF7QdiCHk1BFtvUvLgUU9xy6bAaNKwAgNDetw,4333892,2024 11 24 06 42,0.83703364614328221561,562281803,0,0.00410467689021133745,0,9654277,False,False,193085540,4304395,False,116
45,79,5EqYNhBH3PomRKrzgkGqtjd2mZtZwgF4j8shvFHXycV7RFnE,5HYsKEbgKNBPe695rBTxTrJmQxd6vjWYFX5WJhYipkT8cT4X,4333892,2024 11 24 06 42,0.55591668574044403754,804904404,0,0.00410467689021133745,0,9651669,False,True,193033380,4302395,False,20
45,159,5Exbr76fJ3QpkNxRudPAQCnzyG4tTb94UFNCoh2o7mh8PbZN,5GgZfDqCWw9aPVuKrjvuFkGZQuZtZZdxaSaMuUCt7rNaqCCE,4333892,2024 11 24 06 42,0.97352559700923170825,573729217,0,0.00410467689021133745,0,9636481,False,False,192729620,4158956,False,77
45,120,5EJUUWKpa7Zeepa5v6TG2RPdLd1kJLYEgU3KB74aJzgfbA3j,5Dc2GTaKbj81comNUVjyJw3dmhwUrtuaszV6nbpsTqVZLBwA,4333892,2024 11 24 06 42,0.75374990463111314565,560786461,0,0.00408941786831464103,0,9627388,False,False,192547760,4227718,False,124
45,169,5FHvQciUorAELmTHvYgddQNSRPshm3F7qVycWf6FMrCe598q,5EA8cQHGiNU6sh4gnVwgKagY1fm8dgJqf4p3GjChjD9xd5Dr,4333892,2024 11 24 06 42,0.91084153505760280766,566573251,0,0.00407415884641794461,0,9591525,False,False,191830500,4292156,False,103
45,91,5FhkuCVfovKDkbCzoQ99FeAaronXSRq3eFxgdX6tqDoqcEA9,5H47BGonjuiTgcbmZxaLTcpkkbLSN39JLN6QBVqwdsSCzKR3,4333892,2024 11 24 06 42,0.90989547570000762951,0,0,0.00407415884641794461,0,9587399,False,False,191747980,4332805,True,0
45,4,5HjbRL2teE2D5dac2VhKs4BbV8GPdnnxEpVATmFg7ME6sVPD,5DoM35FJE91fuuK1tTvgPZ29RCC2MB6kfivUtw2JjmbDpWCZ,4333892,2024 11 24 06 42,0.90849164568551155871,26609970,0,0.00405889982452124819,0,9559835,False,False,191196700,4329493,True,243
45,203,5Cu2T4Wgoj2fLaZDShuyHqDM32uTtaJZFc23L49uskoed9KW,5FYiR5VugnjpogVvVuYLp84C7i9UkNVCk7XLAxN47WpUrU9g,4333892,2024 11 24 06 42,0.86045624475471122301,380521059,0,0.00405889982452124819,0,9550377,False,False,191007540,4303674,False,194
45,131,5HpFCetvhE2npahyrtVB6fS1zAQ8aBEgupY1kHdx7f1g297s,5EjhXmyCNVYDoeDG4NaWS8a1DjrBC82cBTAkfYTr3cnQZX4k,4333892,2024 11 24 06 42,0.61791409170672159915,551211408,0,0.00405889982452124819,0,9549912,False,False,190998240,4210075,False,150
45,172,5GgTh7JgvUpqtJWVfgeM4fvdpCgnfbwcrrdGYLo92p55SGac,5FNcCJh2G9BS86Yn9RuJww1GxHJBuiyFQqsB9X325ngdSEBJ,4333892,2024 11 24 06 42,0.86671244373235675593,385197814,0,0.00405889982452124819,0,9546296,False,False,190925920,4185139,False,178
45,199,5C8JbeHdqy36G8oHcpMDmuUQ2naw7d4nJmxBuk6cVJy2nujx,5GWmm4DCmsJrSa3tvLJyx839RZinUMewqTjRTDd7xetrhqKY,4333892,2024 11 24 06 42,0.92841992828259708553,576776670,0,0.00405889982452124819,0,9545957,False,False,190919140,4293597,False,68
45,222,5HitdLvewadBcWdGQjUafM6P2HGVrnpmNHZ7BMtbqQyVhrjT,5HYsKEbgKNBPe695rBTxTrJmQxd6vjWYFX5WJhYipkT8cT4X,4333892,2024 11 24 06 42,0.87368581673914702068,570895457,0,0.00405889982452124819,0,9540404,False,False,190808080,4258687,False,84
45,152,5CBFuLtWhiL9DTT5pjkRYh83WTXnVR2X6nFHtdwJDZneyqBS,5FbdeVSkyEzfSHFm1gjUKuQr3WagKqZpWCAQH9YdDeSBuxMq,4333892,2024 11 24 06 42,0.98474097810330357824,347922913,0,0.00405889982452124819,0,9533586,False,False,190671720,4323057,False,216
45,209,5ERGyTm5uMzFnKADBju791YjiFc8wqHMcff2mj2f1cBU2hih,5DaDjSYHLPQswxGTDANr91dGMQZe499WXaV2kv1y12EfvG5t,4333892,2024 11 24 06 42,0.83303578240634775311,556328615,0,0.00404364080262455177,0,9502722,False,False,190054440,4098833,False,138
45,113,5H9ba5WNeMHdtYTTAoZzrqFmPjRdhvJRwmqBPzTb37RiCdz7,5EvBmktZBZjRNW6v7P6kSWQ94W3nV42Y3mEYp9qepJuNEt9m,4333892,2024 11 24 06 42,0.59212634470130464637,570575830,0,0.00404364080262455177,0,9497304,False,False,189946080,4081197,False,90
45,237,5FstMLknpKEk2FGipaJE3PwcvBk7PUjso947YxZ5kj8wHBQF,5Hmq8DPz3Hs6LASEWGFSfcfzGAA4YMoq189eqkEUScseukgp,4333892,2024 11 24 06 42,0.99313344014648661021,18427903,0,0.00402838178072785534,0,9486504,False,False,189730080,4330336,True,244
45,178,5ESKv9r76TY4pVtTM66fYGDhaoyjBs1iJLeiAgUmqzWDX3ir,5EARF6Wc2QH4QmNcCtAa5BTVfCDHaSBhbaMPgdP4j5LTWorU,4333892,2024 11 24 06 42,0.90370031280994888228,587288982,0,0.00402838178072785534,0,9485498,False,True,189709960,4306917,False,41
45,201,5G9rgy8FFVXw3d8fBxiALVU6DUYwzu1TcoVo97PcuFWuZB34,5He3j6JMc3ozRL5AM9V9TqPz8pZ5bMiJhgCxm8AQ6nPCFRug,4333892,2024 11 24 06 42,0.9004196231021591516,596862666,0,0.00402838178072785534,0,9480434,False,True,189608680,4303673,False,34
45,42,5FnpPQsUEq2JLWRbUpPieQ96NWgNtRf2nnyLSYSr84cRM5sa,5CqnYXq7fC4q6T2niZY77YDzUrXFQtppKkh7zb73cydSMn7p,4333892,2024 11 24 06 42,0.81303120469977874418,398079699,0,0.00402838178072785534,0,9477333,False,False,189546660,4243558,False,163
45,23,5HgabdrSszCcUPqGNQPffAv6dfPg5eJAYh8b249zQMYRjsu3,5C8V6YKbyJ9E266DhxYvmcvLrwKGJhUjmUQiUyuWNuUmdXhr,4333892,2024 11 24 06 42,0.64586861982146944381,393099444,0,0.00402838178072785534,0,9476733,False,False,189534660,4207915,False,166
45,206,5HpketkeCYQXmHjaGA1bqDgcZe2UT7thLJTjxoFDDzvjmPv5,5DZoPnxFLfwpACcBBPboGA3eNEzw2E9CpPr9SDFfbTsobN7t,4333892,2024 11 24 06 42,0.80692759594110017548,569840306,0,0.00401312275883115892,0,9443520,False,False,188870400,4265875,False,92
45,44,5DMFnmHMyQKwEVs4QvtPKZiNybT4RifoNmwJPx1KUNCbQmMV,5CyUnN1uij5sK8S5KW9FX4T5rMkTk7Rj17321wmLCHzutUXL,4333892,2024 11 24 06 42,0.97404440375371938659,567468330,0,0.00401312275883115892,0,9436881,False,False,188737620,4292155,False,99
45,164,5F7MKA2dTF5g5hipmTFxX6uUDjqrShVnc5NPKGx8ZLhHaAix,5FvZoC1qBhtb4qCBRUUTniXaexSFHDPN65uCkED1mrru1LaY,4333892,2024 11 24 06 42,0.8983901731898985275,191208982,0,0.00401312275883115892,0,9436803,False,False,188736060,4243918,False,224
45,220,5GbNMf41jpbKYrYKANVTwtcd9YGHUBg6pmWKtB85FDNJpj2L,5GNW5CeWxPCECNwyoh9x2QPf6p8ftRxB1qzUpWFgsEwpV5M3,4333892,2024 11 24 06 42,0.7706874189364461738,352800443,0,0.00401312275883115892,0,9436707,False,False,188734140,4212954,False,215
45,202,5DCPuCBdU7QZ9edsD9YdwChmU8Xa1mgXE34V9Cx6bYjpDRq3,5HYsKEbgKNBPe695rBTxTrJmQxd6vjWYFX5WJhYipkT8cT4X,4333892,2024 11 24 06 42,0.8031586175326161593,573086053,0,0.00401312275883115892,0,9429603,False,False,188592060,4308257,False,79
45,171,5DX3Jh9G5JjmrDDNKyTXxw8Tn5J7tAnFywYdzYrBwZcyoBZr,5Hmnh7noZjwL8Ty7gTDL3hLjKTPKFf6JXPtf8752TtXnKVWL,4333892,2024 11 24 06 42,0.93978789959563591974,596436145,0,0.00401312275883115892,0,9419068,False,True,188381360,4157155,False,35
45,106,5GVk1fMkBTUwKSh9f4TV5TJMUghtA68q1ZmRtY1ZdJSn4MGC,5His4meS8CpVH8XXQXDXgGbfzJSwvWw2rPEKJdk2Nc5smJ1c,4333892,2024 11 24 06 42,0.92979324025329976349,576964838,0,0.0039978637369344625,0,9393795,False,False,187875900,4206117,False,66
45,154,5DJE9DsCLWzHvUyboHsMwPKZucHp8bQUMasJ13MkVTymsxu2,5CqnYXq7fC4q6T2niZY77YDzUrXFQtppKkh7zb73cydSMn7p,4333892,2024 11 24 06 42,0.851194018463416495,385066626,0,0.0039978637369344625,0,9386300,False,False,187726000,4243562,False,180
45,34,5HT9HGyN1kJyJbLamiQVAfN8L5dN9pF3TWUcDPezrrMPxP85,5FcXFfhXxJcBMXiBpjkuKEbgrSfrMZmPbpJTVBrbiWM5iMJM,4333892,2024 11 24 06 42,0.51358815899900816358,569908920,0,0.00398260471503776608,0,9370577,False,False,187411540,3930360,False,91
45,216,5EqwvpVrJBsVRYN9ftSgBwvkimZiZCYYCoSashPCkcZpUu8t,5G9jfhogFQA5JKXxUTFRQXnxbHUZwichC3d51Md2dS92bZew,4333892,2024 11 24 06 42,0.88914320592050049592,370613821,0,0.00398260471503776608,0,9352138,False,False,187042760,4200357,False,208
45,207,5CFCawAuMHysd5xQ83nzL83dGiMUMEj4ywiWxeM9Mctcx3zU,5FUGCWMcVLb9ckgbuqEGLusk7gDejPTbr13fRkwaLNkHWTp7,4333892,2024 11 24 06 42,0.81005569542992294194,376076710,0,0.00398260471503776608,0,9347862,False,False,186957240,4226996,False,204
45,170,5GLMxiEdvRAEcEatBjqBEpRhkXHtJwH72vSAfmbKjDtS8UL1,5G6yGgr1enKQkNWYWbWmQ4KEHcCBCk9BC1xt2GrK9Yu43ZHp,4333892,2024 11 24 06 42,0.94598306248569466697,557780805,0,0.00396734569314106966,0,9321595,False,False,186431900,4290356,False,132
45,126,5F9HhkadjnEgvCwMqDpD3eS3jeaHmj9WNM9KRYia9PAdqBjS,5FvZoC1qBhtb4qCBRUUTniXaexSFHDPN65uCkED1mrru1LaY,4333892,2024 11 24 06 42,0.88540474555580987259,0,0,0.00396734569314106966,0,9313198,False,False,186263960,4294320,False,0
45,219,5GF6vLhzCfBojqfzqPBLMTfre8ztbcBxpbNfrA4CgKWWV4HR,5FvZoC1qBhtb4qCBRUUTniXaexSFHDPN65uCkED1mrru1LaY,4333892,2024 11 24 06 42,0.85207904173342488746,189804548,0,0.00393682764934767681,0,9264251,False,False,185285020,4226089,False,225
45,158,5CaTHkzmBB9p3YJ4tA3H6Rhm5d4v194xfQ9x5APd8B2GfS4m,5FvZoC1qBhtb4qCBRUUTniXaexSFHDPN65uCkED1mrru1LaY,4333892,2024 11 24 06 42,0.91531242847333485924,200528671,0,0.00393682764934767681,0,9254734,False,False,185094680,4295750,False,223
45,246,5HimWRdJoKuRWz9QzY442D8yX3FfDWNEUYsgypyqTab39PXT,5GLAMjyJNE1J4kE71vL33jeXuimrUYwEZXPiaEU1NozWtj6t,4333892,2024 11 24 06 42,0.87582207980468451972,390633660,0,0.00393682764934767681,0,9247102,False,False,184942040,3977155,False,168
45,71,5FTWxaScVjn8qxAcZ9xFSZH1CcFUekqFdiTY8NTJoj7h7Gq8,5GpUDXheVFEujsnahjqhMjEibHSfYSHw65F5McN16AS69GLh,4333892,2024 11 24 06 42,0.72532234683756771191,584332606,0,0.00392156862745098039,0,9226728,False,True,184534560,3977157,False,46
45,121,5Cyh5CRxRARE41cRVPBCmGeCLVfSVUEM13ZF49257kePqN6y,5GgdXdeCFShUT1QXhrAFzFp1mvemvDBJA8c8SpBRuZR9WyQq,4333892,2024 11 24 06 42,0.84560921644922560464,377661758,0,0.00392156862745098039,0,9205293,False,False,184105860,4292515,False,201
45,123,5HTn9uKuWbD8XUcEPXQCE8X5Hxc1MnPFaYkpjJzwvrBThDhL,5GNRVr71dvjxnGhKYwxS4qffP96Ngvay2GeGevah8yTQrB9Q,4333892,2024 11 24 06 42,0.81454184786755168994,557069292,0,0.00390630960555428397,0,9187278,False,False,183745560,3951236,False,136
45,40,5DtocBRRhvec8YDvrjgZ4QwNiFZzqDJ2vihBCSfqD8tBmZ4E,5DArAW4DVYh4MjjTGLpshSUuALNVRpMQGNq7uLResmES1vLn,4333892,2024 11 24 06 42,0.96487373159380483711,385071419,0,0.00390630960555428397,0,9183865,False,False,183677300,4288649,False,179
45,148,5CqHrMUnuhnbRhJVoy63Nw9D98jWN5yHep9vA5fg1NMLe5Zt,5FYwBTYxBhZizEeELFgv7xziN1JQ1GPKRKN9Y4S3LLCHt3mR,4333892,2024 11 24 06 42,0.93510337987335011826,562517304,0,0.00389105058365758755,0,9162981,False,False,183259620,4291797,False,115
45,162,5Hb9yQVSxmjYBDkhttpz5yjyRqgqwwAiWGUmpDvdp1xfkQAu,5FsNP2oJK8kJ3G5oJe2rV2pZQY1BRpohffvcpUfEyGxenmyV,4333892,2024 11 24 06 42,0.89027237354085603113,572963460,0,0.00389105058365758755,0,9161701,False,False,183234020,4213315,False,80
45,230,5E47QFXFQd61fghfcKRoySookAhKiNsw9jT17xUQmuwoDTYN,5EydLYxHxpT1CRdcDnCdTUUMWyMUvfpG3xuqe6Pw6QjBdHLc,4333892,2024 11 24 06 42,0.80793469138628213931,579608255,0,0.00389105058365758755,0,9158571,False,True,183171420,4289996,False,58
45,102,5DUkefby4Cit9b72hwAmv3sMEGK27oqjQZhih8BF1bDcxiHw,5EBy9okGqYzyKRRrfhQ5X2RRTYARdF2pp6M2inNaSDLBMF92,4333892,2024 11 24 06 42,0.97125200274662394141,379247147,0,0.00389105058365758755,0,9151623,False,False,183032460,4301155,False,198
45,174,5FxoNxDWkTCxLTVbPqSL9WqywgUFGPyEKWgyidbAtButqh1X,5FvZoC1qBhtb4qCBRUUTniXaexSFHDPN65uCkED1mrru1LaY,4333892,2024 11 24 06 42,0.97572289616235599298,381818508,0,0.00389105058365758755,0,9136967,False,False,182739340,4164406,False,188
45,25,5DodSxLZjHrGjCYYMRqKTADV6bBnRQ6yTLG4R4Ne2yvBVwsE,5DoM35FJE91fuuK1tTvgPZ29RCC2MB6kfivUtw2JjmbDpWCZ,4333892,2024 11 24 06 42,0.94340428778515297169,177579754,0,0.00387579156176089113,0,9115488,False,False,182309760,4300075,False,231
45,149,5FkEEJbTFYSGuHCbpmiz7LxRM1aui5CfRr7HhUnLvGNnpp9g,5EqCSYasW4UsKKZdytnUiwGVGebh2yS15wAnmAJWFRUTugv8,4333892,2024 11 24 06 42,0.84081788357366292821,571220507,0,0.00387579156176089113,0,9114511,False,False,182290220,4220157,False,83
45,48,5Hg3WSqrsNZPpmhbi3Gd6SQoUcChzfSRi2vBgNNPamuSMT7k,5CvaPSyfpmUhLDby3WgLpoPx9nkWyy1GcttbqJir52xHDsej,4333892,2024 11 24 06 42,0.917112993057145037,482575583,0,0.00387579156176089113,0,9111645,False,False,182232900,4309436,False,159
45,80,5DFU5ACinH4dTLLYiwPNWhgUt1e4Tq2x94CivE1CE3RqNsSR,5CSNEpJKJcC3sJcuz2GQSH1xdutT1M5qsfnhW6RxXFoN7eTP,4333892,2024 11 24 06 42,0.93319600213626306554,567798167,0,0.00386053253986419471,0,9079453,False,False,181589060,4203595,False,97
45,226,5HGfzrkchSaZXDPYChjdsqESCX1Q3PnwkJ8Gf7zxoewPyS3c,5Ge81dekiT8PKdoXhN1Sacr8FMbsGn3cbaacyJQ3GciGvvFy,4333892,2024 11 24 06 42,0.96606393530174715801,586882296,0,0.00386053253986419471,0,9078165,False,True,181563300,4309076,False,42
45,238,5DydV9T4GF3owkhjecHY539AS2tgP3oHFeU9UTnEaBBFRACq,5HQdsGFtz6his7To5GajA5qunyHjPixs1U9w4cYaDTGuo7Bk,4333892,2024 11 24 06 42,0.94685282673380636301,0,0,0.00386053253986419471,0,9069759,False,False,181395180,4307275,False,0
45,168,5H13QfzvVr63uzVrfMQGyxBjcfzf37QwpsGPs9CuYGJP4tyt,5Dtay4jkPFpTuQtwAf4kqU7XVVHWNB25Qe219Dzoe45PNRfF,4333892,2024 11 24 06 42,0.92507820248722056916,558265563,0,0.00384527351796749828,0,9059521,False,False,181190420,4159316,False,128
45,31,5FugrJWMoZitMbRMACtSgZ9Rf9YvoKavhQqXEPnTpMX5eWRc,5HmweG6eDv8Cor3d8rt2AmuaeXBnYPST1wnL7ct5QStkgaEi,4333892,2024 11 24 06 42,0.66651407644769970245,586628327,0,0.00384527351796749828,0,9053433,False,True,181068660,4290357,False,43
45,119,5H5uasdqVxGQiwf8DokFeLyHcFjNzQirNyz9x8h3zuuJsh16,5G8j3gSCh7ZPr4A4PZhxusTRzBukeQE8EFRDigJuRrLeh2sN,4333892,2024 11 24 06 42,0.88821240558480201419,562168612,0,0.00384527351796749828,0,9052514,False,False,181050280,4221956,False,117
45,6,5FutKT7iVuumXTZArZ6Kti5Enoj6MpKgYAzxzgscR8FoqsDb,5H75TRdBYjCtExcg4jdKLHsGZy7Lq9yrwcciKDM6XqBypjhx,4333892,2024 11 24 06 42,0.84269474326695658808,574056937,0,0.00384527351796749828,0,9044925,False,False,180898500,4243193,False,76
45,239,5HgpHAZtqwP6SZL5JEZLsuVS1WEPo7YBXTgvjXFkoT7CygfF,5DZJsBjYvQHM586biPfRALrdfM7P5cJwS3BFNzXM3vLWYJNv,4333892,2024 11 24 06 42,0.9781185626001373312,598497141,0,0.00384527351796749828,0,9041436,False,True,180828720,4093077,False,32
45,215,5HhBf6f8i6tsBJch2fyF4zHR84GT9k2oynoC5SuNKpjDJ9cU,5FvZoC1qBhtb4qCBRUUTniXaexSFHDPN65uCkED1mrru1LaY,4333892,2024 11 24 06 42,0.77730983443961242084,55799449,0,0.00384527351796749828,0,9038908,False,False,180778160,4327172,False,241
45,136,5CcbKwQDePwPNSLhnFhY5y15Lw4dDGbXYKZ3f5T6Cbewqq5Y,5DoM35FJE91fuuK1tTvgPZ29RCC2MB6kfivUtw2JjmbDpWCZ,4333892,2024 11 24 06 42,0.8652170595864805066,0,0,0.00384527351796749828,0,9038746,False,False,180774920,4329697,True,0
45,83,5FgeNnRPtKinaeGJZKmQWiD3GTa7CSovgem2yfDDX2Rpt9gY,5HYsKEbgKNBPe695rBTxTrJmQxd6vjWYFX5WJhYipkT8cT4X,4333892,2024 11 24 06 42,0.93585107194628824292,569636905,0,0.00383001449607080186,0,9021374,False,False,180427480,4264430,False,93
45,43,5C5o3ZY1YtdbLPbY17rPKzFCxMdFaA1AQ5HXTkyeyCvP6u4F,5FNcCJh2G9BS86Yn9RuJww1GxHJBuiyFQqsB9X325ngdSEBJ,4333892,2024 11 24 06 42,0.91839475089646753643,582207240,0,0.00383001449607080186,0,9009559,False,True,180191180,4192577,False,53
45,248,5CCeGhuQcZaeuLniYbvxp4fbibNGxeHhPaB948y2DWt6sN2x,5CtBeY4Mccs59dxzzWkUyQdJXeUjJcv2fRM9akpyHRHpG9HY,4333892,2024 11 24 06 42,0.93344014648661020829,583040321,0,0.00383001449607080186,0,9000720,False,True,180014400,4293595,False,49
45,108,5FNYSpJhyPZCWVrweXtMBwgEEsMVQQekrG8UiJ5g8eZ2EZeZ,5EnZSDBFNk55F5EjUddK3PiPAigmzpfQdBPe6i61jfgrp7rw,4333892,2024 11 24 06 42,0.95181200885023270008,363642681,0,0.00383001449607080186,0,8994071,False,False,179881420,4273316,False,212
45,99,5C54cqYVA1W9XQq4rpx1jAy33JtCKxbkFAydQQs1YHevjTQJ,5D9xL6hJSyPq4VeU4tZbLvLxVdPAtuKkodfg8h5VE9PTBP1L,4333892,2024 11 24 06 42,0.95899900816357671473,561845935,0,0.00381475547417410544,0,8979310,False,False,179586200,4271636,False,118
45,197,5DeerhSh5VF2D78re525XPtLT3QE9z8Cxky7rw6ifqKqbSo1,5CJasvqdMrzxQZk2hNzZ6thfhY5qjoF1HbJiwoDU9goVLCym,4333892,2024 11 24 06 42,0.79734493018997482261,46002715,0,0.00381475547417410544,0,8953412,False,False,179068240,4329704,True,242
45,13,5F2QERFQii9JKmFBFVm8Vs26MkopoFA2rRxqWSH7qetfVv28,5GRPhvdPqUkrVerBW5RwVyUh6CDRsPF37pAS3SoWS5U6V8zw,4333892,2024 11 24 06 42,0.95422293430991073472,570803197,0,0.0037842374303807126,0,8912575,False,False,178251500,4224113,False,86
45,38,5Dy5sWK35GVdcc35VgPoDyrUzsa3Ry7Um7QCb7at5MipwLXB,5HQWyXd8tJBZFhEz75tQQg7zrqDmLJ8wLzJ8yPHmyjvUTahH,4333892,2024 11 24 06 42,0.87948424505989166094,585576307,0,0.0037842374303807126,0,8890033,False,True,177800660,4199635,False,45
45,134,5FTk7fzui7qCAFe3NM8kVNCPZGS7xH7h2dip5mGK1nsyHGzX,5EtXDSf2Cco62Aj1kTW6Hi2x8BXwQzQMVowiDcHZduSZAuSs,4333892,2024 11 24 06 42,0.85658045319295033188,566001221,0,0.0037842374303807126,0,8884009,False,False,177680180,4292517,False,105
45,103,5H6yeWFu2PQY8KZMMgrD5ASMziMN3BEUaPvDunsjbpHsffD6,5Fv4sF4FMHQXDoBgHKKa8dDAqcxjjStZmsHR5csgLy7AueQG,4333892,2024 11 24 06 42,0.93270771343556878004,556827584,0,0.00376897840848401617,0,8879824,False,False,177596480,4304037,False,137
45,115,5GGsvt8VqBvUwATiRDL1kSNPtTSDBwCjsFmd8k77J8kEHGjM,5CHufx1T1Ns2ys2ExjQPHxnW3kCiYxvdrieBotGJzQahcnRB,4333892,2024 11 24 06 42,0.91033798733501182574,564276718,0,0.00375371938658731975,0,8837965,False,False,176759300,4283517,False,111
45,98,5ELP3JtoaU51raBFjS63tWfwbVJ2jugWKVCUiL2ohX7RmFGY,5Grz7m3PjC7uoeEyq1y6w3FPq6w2fDcpK9YJ2SpKGaPBNn8t,4333892,2024 11 24 06 42,0.92928969253070878157,380649335,0,0.00372320134279392691,0,8772567,False,False,175451340,4165797,False,193
45,176,5CqVkjGta5X2AMArxrcicYJu9BzLfE8mHNpGMuCU1PwYJF5Z,5DArAW4DVYh4MjjTGLpshSUuALNVRpMQGNq7uLResmES1vLn,4333892,2024 11 24 06 42,0.93147173266193636988,175471950,0,0.00370794232089723049,0,8729418,False,False,174588360,4323417,False,232
45,177,5GeQNM9S4c6XaYhFvbFkEKDjsHPYz3CyNYCVb3BgBnkjQ7MR,5HYsKEbgKNBPe695rBTxTrJmQxd6vjWYFX5WJhYipkT8cT4X,4333892,2024 11 24 06 42,0.94149691004806591897,672519882,0,0.00370794232089723049,0,8720924,False,True,174418480,4308263,False,27
45,82,5E7oUsJxpaAQuB67sHJvx4xNFTSnYK5QNFtZ4HboyBdBMq4c,5DArAW4DVYh4MjjTGLpshSUuALNVRpMQGNq7uLResmES1vLn,4333892,2024 11 24 06 42,0.96710154879072251469,154725716,0,0.00370794232089723049,0,8718410,False,False,174368200,4325982,False,236
45,51,5GWMW1aYPrXXRn3KReptN8vFdjDhH1Qu9YzgndX82GxdEdjE,5DArAW4DVYh4MjjTGLpshSUuALNVRpMQGNq7uLResmES1vLn,4333892,2024 11 24 06 42,0.9306477454795147631,385619229,0,0.00369268329900053407,0,8682051,False,False,173641020,4288945,False,176
45,163,5EJRiM6zm3VB7RQWTwa6Mhjj91Hc6hkdd8pecor4Uon6DBMb,5Gc5KdRNGgB4CpP2KMZcPTp5qDA7HXyTgH3QSU5AFbYU6ams,4333892,2024 11 24 06 42,0.96845960173952849622,576354128,0,0.00367742427710383764,0,8664062,False,False,173281240,4243196,False,71
45,114,5FqH1wPSQGxt47XY3Zvm8iLo1vbuNVnMaMn4SfDgLHBMF9TQ,5E7ywQMvCz8h61MxVbMdpFjsFrxTq2Fc2VRQH9hKvX9PPYV2,4333892,2024 11 24 06 42,0.94119172961013199054,603556885,0,0.00367742427710383764,0,8656288,False,True,173125760,4257594,False,31
45,85,5EZeQJuVixnWsmMuiQsBCaNWstip74dnNGce6Ekfa9N1rMqh,5DexW5tqHAfJGcMsanJNi6RmpLzyyE4nSbn1zpQA4uCZjSYC,4333892,2024 11 24 06 42,0.70937666895551995117,567768401,0,0.0036469062333104448,0,8580022,False,False,171600440,4122953,False,98
45,140,5CqMtDvZiXNhsrEDWMBBiNLQrkLAQGRaQVSev7XqY2umrXKm,5DhxKnmfQRbyrmgmQr3eatq4C6V9NH6ivz9SkAjY4JRn78Ai,4333892,2024 11 24 06 42,0.83877317463950560769,555431596,0,0.00360112916762035554,0,8483654,False,False,169673080,4219437,False,142
45,175,5DFKafKjxUZkGot5H8w73pM7NT2YTVhMqv7GGDkhDCZMbESK,5FvZoC1qBhtb4qCBRUUTniXaexSFHDPN65uCkED1mrru1LaY,4333892,2024 11 24 06 42,0.94538796063172350652,2347144265,0,0.00360112916762035554,0,8466818,False,True,169336360,4244519,False,18
45,53,5G9mW9N788RrS3w8UAs4FhGUEg66wfJmQmbzX3ABXksKcYYL,5Hba1E1nYcWdm28KtD5KZAbbe6bZCbBZmR1dP66qXzoTKkEg,4333892,2024 11 24 06 42,0.68332951857785915923,171023637,0,0.00360112916762035554,0,8459152,False,False,169183040,4323101,False,233
45,22,5GmdNTxLuKQ8q8feuPY8xYDVKBGmsLeXsg5Y9Htqw8wq8e2S,5EREE1C86Dx81CD4NJ45iMbun5mrBcDH5Le5wHWBV59g7wfs,4333892,2024 11 24 06 42,0.9566643778133821622,555609536,0,0.00358587014572365911,0,8437311,False,False,168746220,4271637,False,140
45,186,5EgxLnDHfuWzHX87Fh1zugij8R13wTvKi3fc9yCwZv3EDqu5,5FvZoC1qBhtb4qCBRUUTniXaexSFHDPN65uCkED1mrru1LaY,4333892,2024 11 24 06 42,0.90283054856183718624,168246412,0,0.00355535210193026627,0,8349012,False,False,166980240,4121583,False,234
45,188,5HGt4qJ2YGggqyHqS5ue46KrUUizE5UV8pMViu4v3bt6Z2wX,5GdjXGAHzFQiJXckwZziSJGmpuRTC6ds3y6TvhD9dFFxPBcm,4333892,2024 11 24 06 42,0.99015793087663080797,582257875,0,0.00352483405813687343,0,8298273,False,True,165965460,4206476,False,52
45,144,5CZa4TnB4WH2iJ7CPYTmJFjxhJVqDdhuESws6urCpoCQT4f1,5FvZoC1qBhtb4qCBRUUTniXaexSFHDPN65uCkED1mrru1LaY,4333892,2024 11 24 06 42,0.93791103990234225986,810098556,0,0.00352483405813687343,0,8288763,False,True,165775260,4300440,False,19
45,97,5E1swrihiD6E7vfBi5EaS5yTgba6h69YBRDoFZN9h4q11pxH,5FvZoC1qBhtb4qCBRUUTniXaexSFHDPN65uCkED1mrru1LaY,4333892,2024 11 24 06 42,0.95828183413443198291,201287274,0,0.003509575036240177,0,8271120,False,False,165422400,4136430,False,222
45,150,5DJoZ5PjeA3gZNyzj2YmPs3hoWAvRZexnaXRYpfRm3mVK6Hj,5FNcCJh2G9BS86Yn9RuJww1GxHJBuiyFQqsB9X325ngdSEBJ,4333892,2024 11 24 06 42,0.94637979705500877394,381543818,0,0.00347905699244678416,0,8197326,False,False,163946520,4192583,False,189
45,155,5DLUXnnwsMK2576LmziHDvZZYCEfSyZwZW3MGbmXYHRCgmqt,5FbdeVSkyEzfSHFm1gjUKuQr3WagKqZpWCAQH9YdDeSBuxMq,4333892,2024 11 24 06 42,0.85487144274052033265,381499081,0,0.00347905699244678416,0,8187800,False,False,163756000,4307636,False,190
45,56,5EWggoAafSvXnEcXmCoLaDGQRP6aX6oRbfmJFYLwupEkY1fs,5CqnYXq7fC4q6T2niZY77YDzUrXFQtppKkh7zb73cydSMn7p,4333892,2024 11 24 06 42,0.80056458381017776761,376201362,0,0.00347905699244678416,0,8186420,False,False,163728400,4247075,False,203
45,29,5GR79KCvDSerEev9QvRxhaCFgo9gxYVFCfY8fXeJgxjVTtaL,5FjXWtJazVTJJxuaaDetNox9qtYrke13fcXLYTcN43i9DPvw,4333892,2024 11 24 06 42,0.86491187914854657816,565274011,0,0.00347905699244678416,0,8169186,False,False,163383720,4265513,False,109
45,167,5CS18JPQNHaJ7BtkJgRg6XZfBtwqaNmGXdmsHYNepE6KFMP3,5CRoPCRqPfpi8BLV4eFtBWHxgUtG698cjzxu8f6sXtsCou99,4333892,2024 11 24 06 42,0.91670099946593423362,382471191,0,0.00344853894865339132,0,8098610,False,False,161972200,4228075,False,186
45,88,5DoKJssgRj2UCMqREFX7q8J3GXcCzoknQaQkRbeoCqoJgVuR,5DArAW4DVYh4MjjTGLpshSUuALNVRpMQGNq7uLResmES1vLn,4333892,2024 11 24 06 42,0.95097276264591439689,156808562,0,0.0034332799267566949,0,8076340,False,False,161526800,4323325,False,235
45,32,5CaMSSZFwWkxTJuonHQC1LvT25qqnozTUUQo1t9LRVdvVmp6,5GQxqB881u1jP6dC5RYpHSrqt8hGSHWqqjikNrqLzfnDrNsz,4333892,2024 11 24 06 42,0.98628213931486991684,560786725,0,0.00341802090485999847,0,8042548,False,False,160850960,4301154,False,123
45,205,5Dt34rpZXs7U64Fvx8srQi88iYDAxibHus7NzcbT8FLoxuGm,5CLqG415zw9ndEaJYPHbTYacVDnJbo9Vdtkx3eUnZBY6hEq6,4333892,2024 11 24 06 42,0.94196993972686350805,543455550,0,0.00341802090485999847,0,8040140,False,False,160802800,4292877,False,156
45,128,5DjoLaCUDfEtGi83Uo9QeTy31BQ8YkbTns6Sspcjsx9HwCLz,5CvxKuheaJuSQcwdXaVaAzbDGt8WLf49hy3tJ8Fb72Ch1Cib,4333892,2024 11 24 06 42,0.91021591515983825437,573327263,0,0.00341802090485999847,0,8037253,False,False,160745060,4203236,False,78
45,183,5HBFguGm8sqMmyp9vajnRbEy3W12kujqaLXmjrEWesvuW8Xg,5H47BGonjuiTgcbmZxaLTcpkkbLSN39JLN6QBVqwdsSCzKR3,4333892,2024 11 24 06 42,0.88633554589150835431,0,0,0.00340276188296330205,0,8009037,False,False,160180740,4305598,False,0
45,127,5GmSXWC9Tb94qJGw2KE9PRUucRh4Dvi7C4wf3ctXVxno4Fub,5FsRgrTL9T6iYB22gprhdzaqB2wxd4UeJ6q1vgCXDL5KjX8B,4333892,2024 11 24 06 42,0.98147554741741054398,586554156,0,0.00337224383916990921,0,7949908,False,True,158998160,4290716,False,44
45,104,5Cr2qN5CR2SgY3whZsD5kpgoSav8b4oXFLKsp5Y6vdf2CjQ7,5FvZoC1qBhtb4qCBRUUTniXaexSFHDPN65uCkED1mrru1LaY,4333892,2024 11 24 06 42,0.90873579003585870146,268300991,0,0.00337224383916990921,0,7948243,False,False,158964860,4327124,False,219
45,21,5CyyhNp9ymvtRJVAKKMZDZtJryAcNosGnoai3EFe6HhBM9GB,5FvZoC1qBhtb4qCBRUUTniXaexSFHDPN65uCkED1mrru1LaY,4333892,2024 11 24 06 42,0.91633478294041351949,188316609,0,0.00337224383916990921,0,7942915,False,False,158858300,4243926,False,227
45,110,5CMCTS4t7YCj4KtZoUAce2cWi6rYTTj7rDtM9iirgDp74JkJ,5HY5NVAxTtF83hUrr6WHXL8nx9zFuW9A9jT96MA3z5ZprFSP,4333892,2024 11 24 06 42,0.93611047531853208209,558152270,0,0.00337224383916990921,0,7939122,False,False,158782440,4264073,False,129
45,192,5D56RcgYimi4Y8pMX8ZEfwuGqUEkR1bhkCoxfDv59xXgUfWL,5FTU5Kf3GfsRzxtRqwRiCzqot3SKPSrDpWXabMEWGYHHSuGR,4333892,2024 11 24 06 42,0.7819790951400015259,557821342,0,0.00335698481727321279,0,7896739,False,False,157934780,4251116,False,131
45,55,5FHKV9eNjWV9nuizjamVh6jasKUC7XDezzLFstsbSeTKcXs9,5FBqbfmDwggKS7Guav4aNPvcrHznF1pdenEzjXKPooAF3KqV,4333892,2024 11 24 06 42,0.96813916227969787137,591935775,0,0.00332646677347981994,0,7815525,False,True,156310500,3794276,False,36
45,214,5G6qKKs2JUZ7GCr7PNppDac2HXDrAhEVSwTzyWMrE4gLeWEG,5D5fNA9CNKFjmSMjxvN3emqBe4bPjK15izigGxW2huvW6CqU,4333892,2024 11 24 06 42,0.78728923476005188067,652192843,0,0.00332646677347981994,0,7813389,False,True,156267780,4304396,False,29
45,8,5G7AcxAVfCmrusLHQNN4CMNBoBCqA9mrvHiGTiQsSUqzr4WP,5DqPbAhWyBmY8HDfdaMnZheQRb9cQM25TR2hjtyhmTejqiKk,4333892,2024 11 24 06 42,0.92956435492484931716,641294118,0,0.0032959487296864271,0,7763104,False,True,155262080,4309075,False,30
45,200,5G1jkWZuCmx5tTVWdJKTDkMUswnRpyjzSaz65ghWxeAUrMrJ,5E6rV58eq57NFSoDKnfz4HvU68v59BmmSW19gAcX5rga4XBq,4333892,2024 11 24 06 42,0.7502098115510795758,577407682,0,0.00325017166399633783,0,7655532,False,True,153110640,4293596,False,63
45,182,5C4rohW1a2yHHQNQuHp9QdTqcfotHJEuAXu3uhQPTM6yUDx7,5FhGU4ipSReF6pDfABeHwnBberdmbNvq51Tj52qKfRE698kN,4333892,2024 11 24 06 42,0.88621347371633478294,549697289,0,0.00325017166399633783,0,7629904,False,False,152598080,4123677,False,153
45,66,5C559wBFAsX4U7ayvRXVEzTvNbbCKxyFMX4434i4UvQFFupM,5CtGrG6pVzmBQEFMV5dur8xyxuCJDFZ4fjVC4H3xLpH848gP,4333892,2024 11 24 06 42,0.82758831158922713054,550821277,0,0.00317387655451285573,0,7482490,False,False,149649800,4211874,False,151
45,19,5HKCUkFwfi22j7mhzFRUHqSVptALGY1T4VZfwsojaF9LSCtG,5H47BGonjuiTgcbmZxaLTcpkkbLSN39JLN6QBVqwdsSCzKR3,4333892,2024 11 24 06 42,0.85239948119325551232,0,0,0.00317387655451285573,0,7478375,False,False,149567500,4332663,True,0
45,157,5FNzR4gsnzuRFvferx6oJm2ESsXyG3HiqGYygfZ8p4Qhn5Hi,5FurEqtDr4wpegMcYtMeYHRTrYTgJv2BGuNzXRXB4LmEYWg3,4333892,2024 11 24 06 42,0.97029068436713206683,584189191,0,0.00317387655451285573,0,7475424,False,True,149508480,4223039,False,47
45,105,5DysomSujDWD2hNmZzAn6EBAMopmZWAdNZtVmM2bDhzg1Add,5GpyJQaH9nSNxj4cUw6eWAZ7qLBYETESFPcPtmwut1rmxA6X,4333892,2024 11 24 06 42,0.84216067750057221332,560805460,0,0.0031586175326161593,0,7445746,False,False,148914920,4264074,False,122
45,143,5FbQCgmW1KAymL4m2YH6B6uset3DDnTVVX1VDW5Z63d7CgSZ,5H47BGonjuiTgcbmZxaLTcpkkbLSN39JLN6QBVqwdsSCzKR3,4333892,2024 11 24 06 42,0.93557640955214770733,0,0,0.00312809948882276646,0,7350742,False,False,147014840,4326888,False,0
45,41,5FEofhaYqWhfAEzzyL6VZfavcnnGU4gGY4oYFuiRmi1W8wsy,5EqCQP6XMGawJETH5nTLhQ4GrRk63D4r4RfAaf1psMwdfYPN,4333892,2024 11 24 06 42,0.74065766384374761578,555366950,0,0.00309758144502937362,0,7286170,False,False,145723400,4199276,False,143
45,27,5CmLmmy5EKdDeZikQkCS6oG3DdeK4qsZCrbQqAb16VDuGoCQ,5FYwHPbCABQVqQBxopG7KnyYcHTahU6s1CEigBRYVtDfmp3D,4333892,2024 11 24 06 42,0.79563591973754482338,581801131,0,0.0030823224231326772,0,7266307,False,True,145326140,4303675,False,54
45,142,5GsK7Uxnik8kEVzu418ZvEwzQzDXEEipZwfYFD4BAyj6jiC3,5HQdsGFtz6his7To5GajA5qunyHjPixs1U9w4cYaDTGuo7Bk,4333892,2024 11 24 06 42,0.91908140688181887541,179240460,0,0.00302128633554589151,0,7103016,False,False,142060320,4316235,False,229
45,232,5EF4VhV7Zpqc7AJBpb5eTbXhYnZWR4sv3f5cZmskN9FSSoJb,5G9uTitvo1W7dY5MxJznw3MstBGQmSR3g695UvrYLZmfsrfR,4333892,2024 11 24 06 42,0.89253070878156710155,577498802,0,0.0029449912260624094,0,6936509,False,True,138730180,4203957,False,62
45,118,5G9h85xqyzoW6bgZEnsfhQd9CmQWKYqJAScuaKJaTDjKanqo,5DPqNvLRGEUFV9TdkHyVXfM4gJ9iECRhVisbfzjRzADEBSCq,4333892,2024 11 24 06 42,0.95149156939040207523,413749255,0,0.0029449912260624094,0,6927468,False,False,138549360,4313527,False,161
45,254,5F6bUfiSgUiQRGa3knpGvPgFrjv2NpYTJjPT5zKG4MeVjBcB,5H47BGonjuiTgcbmZxaLTcpkkbLSN39JLN6QBVqwdsSCzKR3,4333892,2024 11 24 06 42,0.87083237964446478981,0,0,0.00288395513847562371,0,6796942,False,False,135938840,4318850,False,0
45,95,5Dqc3V9nNecaw5W1BKK4bVaVnJrcwp7wD6PnNcpM2u8VFzkR,5DPqNvLRGEUFV9TdkHyVXfM4gJ9iECRhVisbfzjRzADEBSCq,4333892,2024 11 24 06 42,0.89671168078126192111,547747852,0,0.00288395513847562371,0,6781237,False,False,135624740,4313090,False,155
45,156,5Ejoe1fuaj2sQKgDsdBe1Sf2GCfpNyTdNV721PzDjjRwNoKk,5HZJH65Mc7o42sQfLY4Z4PDXVRW3a6sZL9fiWxgLwyZTnDfL,4333892,2024 11 24 06 42,0.66939803158617532616,555149322,0,0.00286869611657892729,0,6753964,False,False,135079280,4210435,False,144
45,228,5CfiFsPzHRyPKA1cz8fFdDU9sQ2GdzVbpiwdwdyh2pBdCk93,5FZhJ8AaHduc9uSBrxzeNDhLMBUugVcAFecdtBeE9UM2sWpw,4333892,2024 11 24 06 42,0.81895170519569695583,370432956,0,0.00279240100709544518,0,6575632,False,False,131512640,4304036,False,209
45,117,5FxgGqCa1Hcj9je1Qi7HTErHQEZHnHWrzBFJu8b9eoAf6waa,5E285c6ftMEKGYPSvsjYzjGN4EPsxVTzuPFsvgSkhtrP6Bfy,4333892,2024 11 24 06 42,0.88000305180437933928,16958815290,0,0.00274662394140535592,0,6458817,False,True,129176340,4328299,False,16
45,64,5CdPDBzJUctnyJ5XRsKc9wvVJizcMVXaqCuyzPFmeDkfE4t5,5CZqHGnvkcWA38T2jbRUw2BKX7RZBqDDPkM9BcGQ3r3YYXfT,4333892,2024 11 24 06 42,0.80296025024795910582,661002850,0,0.00262455176623178454,0,6181934,False,True,123638680,4307277,False,28
45,166,5DewjyGTWuUrEk5nXjTdqujtvgrNrBPdsMj1kYtYxM2sPBuj,5FzxaU4F8FkexYzxZsgi8TxZxZTRy2HkpazU9P9v5C8Ex62E,4333892,2024 11 24 06 42,0.83448538948653391318,552067637,0,0.00244144350347142748,0,5752974,False,False,115059480,4307276,False,149
45,184,5EhNVeWmGmSJ9ZjCmmPqLJs1rFVaXdfVMiKcJriN2kMqnZtX,5H6WcRYrkGHptLeT7qKYHYe9oHW1FHzVDLDddqrHnCgKH2Dx,4333892,2024 11 24 06 42,0.80831616693369954986,582723556,0,0.00242618448157473106,0,5710544,False,True,114210880,4220155,False,50
45,58,5C4iCpNCng3phrA741f3JYvQn8eaAbNopokZMSSXZVWZri1d,5HU1GeFHb3jhuXQwuitDhTJ3yazr5UaYYAzGWzAgdjXjRb9J,4333892,2024 11 24 06 42,0.77331197070267795834,576863826,0,0.00233463035019455253,0,5494233,False,False,109884660,4295034,False,67
45,137,5D8AWcshrbx8FjgBRWySBSZBCDPnrcdyqdDdY7yW59Y88yYN,5D2AaX28jCJ3VVs71HPgRBDwwWHEAqJLJ98KVcsC8XTAih87,4333892,2024 11 24 06 42,0.66291294728007934691,0,0,0.00120546272983901732,0,2863732,False,False,57274640,4291076,False,0
